<entities >
  <entity name="adx_portallanguage" displayname="Portal Language" etc="10036" primaryidfield="adx_portallanguageid" primarynamefield="adx_name" disableplugins="true">
    <fields>
      <field displayname="Description" name="adx_description" type="string" customfield="true" />
      <field displayname="Import Sequence Number" name="importsequencenumber" type="number" />
      <field displayname="Language Code" name="adx_languagecode" type="string" customfield="true" />
      <field displayname="LCID" name="adx_lcid" type="number" customfield="true" />
      <field displayname="Name" name="adx_name" type="string" customfield="true" />
      <field displayname="Portal Display Name" name="adx_displayname" type="string" customfield="true" />
      <field updateCompare="true" displayname="Portal Language" name="adx_portallanguageid" type="guid" primaryKey="true" />
      <field displayname="Record Created On" name="overriddencreatedon" type="datetime" />
      <field displayname="Status" name="statecode" type="state" />
      <field displayname="Status Reason" name="statuscode" type="status" />
      <field displayname="System Language" name="adx_systemlanguage" type="number" customfield="true" />
      <field displayname="Time Zone Rule Version Number" name="timezoneruleversionnumber" type="number" />
      <field displayname="UTC Conversion Time Zone Code" name="utcconversiontimezonecode" type="number" />
      <field displayname="Version Number" name="versionnumber" type="bigint" />
    </fields>
    <relationships />
  </entity>
  <entity name="adx_setting" displayname="Setting" etc="10040" primaryidfield="adx_settingid" primarynamefield="adx_name" disableplugins="true">
    <fields>
      <field displayname="Description" name="adx_description" type="string" customfield="true" />
      <field displayname="Import Sequence Number" name="importsequencenumber" type="number" />
      <field displayname="Name" name="adx_name" type="string" customfield="true" />
      <field displayname="Record Created On" name="overriddencreatedon" type="datetime" />
      <field updateCompare="true" displayname="Setting" name="adx_settingid" type="guid" primaryKey="true" />
      <field displayname="Status" name="statecode" type="state" />
      <field displayname="Status Reason" name="statuscode" type="status" />
      <field displayname="Time Zone Rule Version Number" name="timezoneruleversionnumber" type="number" />
      <field displayname="UTC Conversion Time Zone Code" name="utcconversiontimezonecode" type="number" />
      <field displayname="Value" name="adx_value" type="string" customfield="true" />
      <field displayname="Version Number" name="versionnumber" type="bigint" />
    </fields>
    <relationships />
  </entity>
  <entity name="adx_sitesetting" displayname="Site Setting" etc="10012" primaryidfield="adx_sitesettingid" primarynamefield="adx_name" disableplugins="true">
    <fields>
      <field displayname="Description" name="adx_description" type="string" customfield="true" />
      <field displayname="Import Sequence Number" name="importsequencenumber" type="number" />
      <field displayname="Name" name="adx_name" type="string" customfield="true" />
      <field displayname="Record Created On" name="overriddencreatedon" type="datetime" />
      <field updateCompare="true" displayname="Site Setting" name="adx_sitesettingid" type="guid" primaryKey="true" />
      <field displayname="Status" name="statecode" type="state" />
      <field displayname="Status Reason" name="statuscode" type="status" />
      <field displayname="Time Zone Rule Version Number" name="timezoneruleversionnumber" type="number" />
      <field displayname="UTC Conversion Time Zone Code" name="utcconversiontimezonecode" type="number" />
      <field displayname="Value" name="adx_value" type="string" customfield="true" />
      <field displayname="Version Number" name="versionnumber" type="bigint" />
      <field displayname="Website" name="adx_websiteid" type="entityreference" lookupType="adx_website" customfield="true" />
    </fields>
    <relationships />
    <filter>
      &lt;filter type="and"&gt;
      &lt;condition attribute="adx_websiteid" operator="eq" value="{f46b70cc-580b-4f1a-87c3-41deb48eb90d}" /&gt;
      &lt;/filter&gt;
    </filter>
  </entity>
  <entity name="adx_webfile" displayname="Web File" etc="10013" primaryidfield="adx_webfileid" primarynamefield="adx_name" disableplugins="true">
    <fields>
      <field displayname="Allow Origin" name="adx_alloworigin" type="string" customfield="true" />
      <field displayname="Cloud Blob Address" name="adx_cloudblobaddress" type="string" customfield="true" />
      <field displayname="Content-Disposition" name="adx_contentdisposition" type="optionsetvalue" customfield="true" />
      <field displayname="Created By IP Address" name="adx_createdbyipaddress" type="string" customfield="true" />
      <field displayname="Created By Username" name="adx_createdbyusername" type="string" customfield="true" />
      <field displayname="Display Date" name="adx_displaydate" type="datetime" customfield="true" />
      <field displayname="Display Order" name="adx_displayorder" type="number" customfield="true" />
      <field displayname="Enable Tracking (deprecated)" name="adx_enabletracking" type="bool" customfield="true" />
      <field displayname="Exclude From Search" name="adx_excludefromsearch" type="bool" customfield="true" />
      <field displayname="Expiration Date" name="adx_expirationdate" type="datetime" customfield="true" />
      <field displayname="Hidden From Sitemap" name="adx_hiddenfromsitemap" type="bool" customfield="true" />
      <field displayname="Import Sequence Number" name="importsequencenumber" type="number" />
      <field displayname="Master Web File" name="adx_masterwebfileid" type="entityreference" lookupType="adx_webfile" customfield="true" />
      <field displayname="Modified By IP Address" name="adx_modifiedbyipaddress" type="string" customfield="true" />
      <field displayname="Modified By Username" name="adx_modifiedbyusername" type="string" customfield="true" />
      <field displayname="Name" name="adx_name" type="string" customfield="true" />
      <field displayname="Parent Page" name="adx_parentpageid" type="entityreference" lookupType="adx_webpage" customfield="true" />
      <field displayname="Partial URL" name="adx_partialurl" type="string" customfield="true" />
      <field displayname="Publishing State" name="adx_publishingstateid" type="entityreference" lookupType="adx_publishingstate" customfield="true" />
      <field displayname="Record Created On" name="overriddencreatedon" type="datetime" />
      <field displayname="Release Date" name="adx_releasedate" type="datetime" customfield="true" />
      <field displayname="Status" name="statecode" type="state" />
      <field displayname="Status Reason" name="statuscode" type="status" />
      <field displayname="Subject" name="adx_subjectid" type="entityreference" lookupType="subject" customfield="true" />
      <field displayname="Summary" name="adx_summary" type="string" customfield="true" />
      <field displayname="Time Zone Rule Version Number" name="timezoneruleversionnumber" type="number" />
      <field displayname="Title" name="adx_title" type="string" customfield="true" />
      <field displayname="UTC Conversion Time Zone Code" name="utcconversiontimezonecode" type="number" />
      <field displayname="Version Number" name="versionnumber" type="bigint" />
      <field updateCompare="true" displayname="Web File" name="adx_webfileid" type="guid" primaryKey="true" />
      <field displayname="Website" name="adx_websiteid" type="entityreference" lookupType="adx_website" customfield="true" />
    </fields>
    <relationships />
    <filter>
      &lt;filter type="and"&gt;
      &lt;condition attribute="adx_websiteid" operator="eq" value="{f46b70cc-580b-4f1a-87c3-41deb48eb90d}" /&gt;
      &lt;/filter&gt;
    </filter>
  </entity>
  <entity name="adx_webrole" displayname="Web Role" etc="10018" primaryidfield="adx_webroleid" primarynamefield="adx_name" disableplugins="true">
    <fields>
      <field displayname="Anonymous Users Role" name="adx_anonymoususersrole" type="bool" customfield="true" />
      <field displayname="Authenticated Users Role" name="adx_authenticatedusersrole" type="bool" customfield="true" />
      <field displayname="Description" name="adx_description" type="string" customfield="true" />
      <field displayname="Import Sequence Number" name="importsequencenumber" type="number" />
      <field displayname="Key" name="adx_key" type="string" customfield="true" />
      <field displayname="Name" name="adx_name" type="string" customfield="true" />
      <field displayname="Record Created On" name="overriddencreatedon" type="datetime" />
      <field displayname="Status" name="statecode" type="state" />
      <field displayname="Status Reason" name="statuscode" type="status" />
      <field displayname="Time Zone Rule Version Number" name="timezoneruleversionnumber" type="number" />
      <field displayname="UTC Conversion Time Zone Code" name="utcconversiontimezonecode" type="number" />
      <field displayname="Version Number" name="versionnumber" type="bigint" />
      <field updateCompare="true" displayname="Web Role" name="adx_webroleid" type="guid" primaryKey="true" />
      <field displayname="Website" name="adx_websiteid" type="entityreference" lookupType="adx_website" customfield="true" />
    </fields>
    <relationships>
      <relationship name="adx_webrole_contact" manyToMany="true" isreflexive="false" relatedEntityName="adx_webrole_contact" m2mTargetEntity="contact" m2mTargetEntityPrimaryKey="contactid" />
      <relationship name="adx_webrole_account" manyToMany="true" isreflexive="false" relatedEntityName="adx_webrole_account" m2mTargetEntity="account" m2mTargetEntityPrimaryKey="accountid" />
      <relationship name="adx_webrole_systemuser" manyToMany="true" isreflexive="false" relatedEntityName="adx_webrole_systemuser" m2mTargetEntity="systemuser" m2mTargetEntityPrimaryKey="systemuserid" />
    </relationships>
    <filter>
      &lt;filter type="and"&gt;
      &lt;condition attribute="adx_websiteid" operator="eq" value="{f46b70cc-580b-4f1a-87c3-41deb48eb90d}" /&gt;
      &lt;/filter&gt;
    </filter>
  </entity>
  <entity name="adx_webtemplate" displayname="Web Template" etc="10051" primaryidfield="adx_webtemplateid" primarynamefield="adx_name" disableplugins="true">
    <fields>
      <field displayname="Import Sequence Number" name="importsequencenumber" type="number" />
      <field displayname="MIME Type" name="adx_mimetype" type="string" customfield="true" />
      <field displayname="Name" name="adx_name" type="string" customfield="true" />
      <field displayname="Record Created On" name="overriddencreatedon" type="datetime" />
      <field displayname="Source" name="adx_source" type="string" customfield="true" />
      <field displayname="Status" name="statecode" type="state" />
      <field displayname="Status Reason" name="statuscode" type="status" />
      <field displayname="Time Zone Rule Version Number" name="timezoneruleversionnumber" type="number" />
      <field displayname="UTC Conversion Time Zone Code" name="utcconversiontimezonecode" type="number" />
      <field displayname="Version Number" name="versionnumber" type="bigint" />
      <field updateCompare="true" displayname="Web Template" name="adx_webtemplateid" type="guid" primaryKey="true" />
      <field displayname="Website" name="adx_websiteid" type="entityreference" lookupType="adx_website" customfield="true" />
    </fields>
    <relationships />
    <filter>
      &lt;filter type="and"&gt;
      &lt;condition attribute="adx_websiteid" operator="eq" value="{f46b70cc-580b-4f1a-87c3-41deb48eb90d}" /&gt;
      &lt;/filter&gt;
    </filter>
  </entity>
  <entity name="adx_websiteaccess" displayname="Website Access" etc="10048" primaryidfield="adx_websiteaccessid" primarynamefield="adx_name" disableplugins="true">
    <fields>
      <field displayname="Import Sequence Number" name="importsequencenumber" type="number" />
      <field displayname="Manage Content Snippets" name="adx_managecontentsnippets" type="bool" customfield="true" />
      <field displayname="Manage Site Markers" name="adx_managesitemarkers" type="bool" customfield="true" />
      <field displayname="Manage Web Link Sets" name="adx_manageweblinksets" type="bool" customfield="true" />
      <field displayname="Name" name="adx_name" type="string" customfield="true" />
      <field displayname="Preview Unpublished Entities" name="adx_previewunpublishedentities" type="bool" customfield="true" />
      <field displayname="Record Created On" name="overriddencreatedon" type="datetime" />
      <field displayname="Status" name="statecode" type="state" />
      <field displayname="Status Reason" name="statuscode" type="status" />
      <field displayname="Time Zone Rule Version Number" name="timezoneruleversionnumber" type="number" />
      <field displayname="UTC Conversion Time Zone Code" name="utcconversiontimezonecode" type="number" />
      <field displayname="Version Number" name="versionnumber" type="bigint" />
      <field displayname="Website" name="adx_websiteid" type="entityreference" lookupType="adx_website" customfield="true" />
      <field updateCompare="true" displayname="Website Access" name="adx_websiteaccessid" type="guid" primaryKey="true" />
    </fields>
    <relationships>
      <relationship name="adx_websiteaccess_webrole" manyToMany="true" isreflexive="false" relatedEntityName="adx_websiteaccess_webrole" m2mTargetEntity="adx_webrole" m2mTargetEntityPrimaryKey="adx_webroleid" />
    </relationships>
    <filter>
      &lt;filter type="and"&gt;
      &lt;condition attribute="adx_websiteid" operator="eq" value="{f46b70cc-580b-4f1a-87c3-41deb48eb90d}" /&gt;
      &lt;/filter&gt;
    </filter>
  </entity>
  <entity name="adx_websitelanguage" displayname="Website Language" etc="10050" primaryidfield="adx_websitelanguageid" primarynamefield="adx_name" disableplugins="true">
    <fields>
      <field displayname="Import Sequence Number" name="importsequencenumber" type="number" />
      <field displayname="Name" name="adx_name" type="string" customfield="true" />
      <field displayname="Portal Language" name="adx_portallanguageid" type="entityreference" lookupType="adx_portallanguage" customfield="true" />
      <field displayname="Publishing State" name="adx_publishingstate" type="entityreference" lookupType="adx_publishingstate" customfield="true" />
      <field displayname="Record Created On" name="overriddencreatedon" type="datetime" />
      <field displayname="Status" name="statecode" type="state" />
      <field displayname="Status Reason" name="statuscode" type="status" />
      <field displayname="Time Zone Rule Version Number" name="timezoneruleversionnumber" type="number" />
      <field displayname="UTC Conversion Time Zone Code" name="utcconversiontimezonecode" type="number" />
      <field displayname="Version Number" name="versionnumber" type="bigint" />
      <field displayname="Website" name="adx_websiteid" type="entityreference" lookupType="adx_website" customfield="true" />
      <field updateCompare="true" displayname="Website Language" name="adx_websitelanguageid" type="guid" primaryKey="true" />
    </fields>
    <relationships />
    <filter>
      &lt;filter type="and"&gt;
      &lt;condition attribute="adx_websiteid" operator="eq" value="{f46b70cc-580b-4f1a-87c3-41deb48eb90d}" /&gt;
      &lt;/filter&gt;
    </filter>
  </entity>
  <entity name="annotation" displayname="Note" etc="5" primaryidfield="annotationid" primarynamefield="subject" disableplugins="true">
    <fields>
      <field displayname="Description" name="notetext" type="string" />
      <field displayname="Document" name="documentbody" type="string" />
      <field displayname="File Name" name="filename" type="string" />
      <field displayname="File Size (Bytes)" name="filesize" type="number" />
      <field displayname="Import Sequence Number" name="importsequencenumber" type="number" />
      <field displayname="Is Document" name="isdocument" type="bool" />
      <field displayname="Language ID" name="langid" type="string" />
      <field displayname="Mime Type" name="mimetype" type="string" />
      <field displayname="Modified By (Delegate)" name="modifiedonbehalfby" type="entityreference" lookupType="systemuser" />
      <field updateCompare="true" displayname="Note" name="annotationid" type="guid" primaryKey="true" />
      <field displayname="Object Type " name="objecttypecode" type="string" />
      <field displayname="Record Created On" name="overriddencreatedon" type="datetime" />
      <field displayname="Regarding" name="objectid" type="entityreference" lookupType="account|adx_ad|adx_adplacement|adx_alertsubscription|adx_blog|adx_blogpost|adx_casedeflection|adx_communityforum|adx_communityforumaccesspermission|adx_communityforumannouncement|adx_communityforumpost|adx_communityforumthread|adx_contentaccesslevel|adx_dealregistrationrequest|adx_entitypermission|adx_idea|adx_ideaforum|adx_invitation|adx_inviteredemption|adx_poll|adx_polloption|adx_pollplacement|adx_portalcomment|adx_publishingstatetransitionrule|adx_redirect|adx_shortcut|adx_sitesetting|adx_webfile|adx_weblink|adx_webnotificationurl|adx_webpage|adx_webrole|adx_website|appointment|bookableresource|bookableresourcebooking|bookableresourcebookingheader|bookableresourcecategoryassn|bookableresourcecharacteristic|bookableresourcegroup|bulkoperation|calendar|campaign|campaignactivity|campaignresponse|channelaccessprofile|channelaccessprofilerule|channelaccessprofileruleitem|commitment|competitor|contact|contract|contractdetail|convertrule|duplicaterule|email|emailserverprofile|equipment|fax|goal|incident|incidentresolution|invoice|kbarticle|knowledgearticle|knowledgebaserecord|lead|letter|list|mailbox|msdyn_postalbum|opportunity|opportunityclose|orderclose|phonecall|product|quote|quoteclose|recurringappointmentmaster|resourcespec|routingrule|routingruleitem|salesorder|service|serviceappointment|sharepointdocument|sla|socialactivity|task|workflow" />
      <field displayname="Step Id" name="stepid" type="string" />
      <field displayname="Title" name="subject" type="string" />
    </fields>
    <relationships />
    <filter>
      &lt;fetch version="1.0" mapping="logical" distinct="false"&gt;
      &lt;entity name="annotation"&gt;
      &lt;link-entity name="adx_webfile" from="adx_webfileid" to="objectid" link-type="inner" alias="ab"&gt;
      &lt;filter type="and"&gt;
      &lt;condition attribute="adx_websiteid" operator="eq" value="{f46b70cc-580b-4f1a-87c3-41deb48eb90d}" /&gt;
      &lt;/filter&gt;
      &lt;/link-entity&gt;
      &lt;/entity&gt;
      &lt;/fetch&gt;
    </filter>
  </entity>
  <entity name="adx_ad" displayname="Ad" etc="10025" primaryidfield="adx_adid" primarynamefield="adx_name" disableplugins="true">
    <fields>
      <field updateCompare="true" displayname="Ad" name="adx_adid" type="guid" primaryKey="true" />
      <field displayname="Copy" name="adx_copy" type="string" customfield="true" />
      <field displayname="Expiration Date" name="adx_expirationdate" type="datetime" customfield="true" />
      <field displayname="Image Alt Text" name="adx_imagealttext" type="string" customfield="true" />
      <field displayname="Image Height" name="adx_imageheight" type="number" customfield="true" />
      <field displayname="image URL" name="adx_image" type="string" customfield="true" />
      <field displayname="Image Width" name="adx_imagewidth" type="number" customfield="true" />
      <field displayname="Import Sequence Number" name="importsequencenumber" type="number" />
      <field displayname="Name" name="adx_name" type="string" customfield="true" />
      <field displayname="Open In New Window" name="adx_openinnewwindow" type="bool" customfield="true" />
      <field displayname="Publishing State" name="adx_publishingstateid" type="entityreference" lookupType="adx_publishingstate" customfield="true" />
      <field displayname="Record Created On" name="overriddencreatedon" type="datetime" />
      <field displayname="Redirect URL" name="adx_url" type="string" customfield="true" />
      <field displayname="Redirect Web File" name="adx_redirectwebfileid" type="entityreference" lookupType="adx_webfile" customfield="true" />
      <field displayname="Release Date" name="adx_releasedate" type="datetime" customfield="true" />
      <field displayname="Status" name="statecode" type="state" />
      <field displayname="Status Reason" name="statuscode" type="status" />
      <field displayname="Time Zone Rule Version Number" name="timezoneruleversionnumber" type="number" />
      <field displayname="Title" name="adx_title" type="string" customfield="true" />
      <field displayname="UTC Conversion Time Zone Code" name="utcconversiontimezonecode" type="number" />
      <field displayname="Version Number" name="versionnumber" type="bigint" />
      <field displayname="Web File" name="adx_webfileid" type="entityreference" lookupType="adx_webfile" customfield="true" />
      <field displayname="Web Template" name="adx_webtemplateid" type="entityreference" lookupType="adx_webtemplate" customfield="true" />
      <field displayname="WebPage" name="adx_webpageid" type="entityreference" lookupType="adx_webpage" customfield="true" />
      <field displayname="Website" name="adx_websiteid" type="entityreference" lookupType="adx_website" customfield="true" />
    </fields>
    <relationships />
    <filter>
      &lt;filter type="and"&gt;
      &lt;condition attribute="adx_websiteid" operator="eq" value="{f46b70cc-580b-4f1a-87c3-41deb48eb90d}" /&gt;
      &lt;/filter&gt;
    </filter>
  </entity>
  <entity name="adx_adplacement" displayname="Ad Placement" etc="10026" primaryidfield="adx_adplacementid" primarynamefield="adx_name" disableplugins="true">
    <fields>
      <field updateCompare="true" displayname="Ad Placement" name="adx_adplacementid" type="guid" primaryKey="true" />
      <field displayname="Import Sequence Number" name="importsequencenumber" type="number" />
      <field displayname="Name" name="adx_name" type="string" customfield="true" />
      <field displayname="Record Created On" name="overriddencreatedon" type="datetime" />
      <field displayname="Status" name="statecode" type="state" />
      <field displayname="Status Reason" name="statuscode" type="status" />
      <field displayname="Time Zone Rule Version Number" name="timezoneruleversionnumber" type="number" />
      <field displayname="UTC Conversion Time Zone Code" name="utcconversiontimezonecode" type="number" />
      <field displayname="Version Number" name="versionnumber" type="bigint" />
      <field displayname="Web Template" name="adx_webtemplateid" type="entityreference" lookupType="adx_webtemplate" customfield="true" />
      <field displayname="Website" name="adx_websiteid" type="entityreference" lookupType="adx_website" customfield="true" />
    </fields>
    <relationships>
      <relationship name="adx_adplacement_ad" manyToMany="true" isreflexive="false" relatedEntityName="adx_adplacement_ad" m2mTargetEntity="adx_ad" m2mTargetEntityPrimaryKey="adx_adid" />
    </relationships>
    <filter>
      &lt;filter type="and"&gt;
      &lt;condition attribute="adx_websiteid" operator="eq" value="{f46b70cc-580b-4f1a-87c3-41deb48eb90d}" /&gt;
      &lt;/filter&gt;
    </filter>
  </entity>
  <entity name="adx_poll" displayname="Poll" etc="10034" primaryidfield="adx_pollid" primarynamefield="adx_name" disableplugins="true">
    <fields>
      <field displayname="Active" name="adx_active" type="bool" customfield="true" />
      <field displayname="Close Voting Date" name="adx_closevotingdate" type="datetime" customfield="true" />
      <field displayname="Expiration Date" name="adx_expirationdate" type="datetime" customfield="true" />
      <field displayname="Import Sequence Number" name="importsequencenumber" type="number" />
      <field displayname="Name" name="adx_name" type="string" customfield="true" />
      <field updateCompare="true" displayname="Poll" name="adx_pollid" type="guid" primaryKey="true" />
      <field displayname="Question" name="adx_question" type="string" customfield="true" />
      <field displayname="Record Created On" name="overriddencreatedon" type="datetime" />
      <field displayname="Release Date" name="adx_releasedate" type="datetime" customfield="true" />
      <field displayname="Status" name="statecode" type="state" />
      <field displayname="Status Reason" name="statuscode" type="status" />
      <field displayname="Submit Button Label" name="adx_submitbuttonlabel" type="string" customfield="true" />
      <field displayname="Time Zone Rule Version Number" name="timezoneruleversionnumber" type="number" />
      <field displayname="UTC Conversion Time Zone Code" name="utcconversiontimezonecode" type="number" />
      <field displayname="Version Number" name="versionnumber" type="bigint" />
      <field displayname="Web Template" name="adx_webtemplateid" type="entityreference" lookupType="adx_webtemplate" customfield="true" />
      <field displayname="Website" name="adx_websiteid" type="entityreference" lookupType="adx_website" customfield="true" />
    </fields>
    <relationships />
    <filter>
      &lt;filter type="and"&gt;
      &lt;condition attribute="adx_websiteid" operator="eq" value="{f46b70cc-580b-4f1a-87c3-41deb48eb90d}" /&gt;
      &lt;/filter&gt;
    </filter>
  </entity>
  <entity name="adx_polloption" displayname="Poll Option" etc="10035" primaryidfield="adx_polloptionid" primarynamefield="adx_name" disableplugins="true">
    <fields>
      <field displayname="Display Order" name="adx_displayorder" type="number" customfield="true" />
      <field displayname="Import Sequence Number" name="importsequencenumber" type="number" />
      <field displayname="Name" name="adx_name" type="string" customfield="true" />
      <field displayname="Poll" name="adx_pollid" type="entityreference" lookupType="adx_poll" customfield="true" />
      <field updateCompare="true" displayname="Poll Option" name="adx_polloptionid" type="guid" primaryKey="true" />
      <field displayname="Record Created On" name="overriddencreatedon" type="datetime" />
      <field displayname="Response" name="adx_answer" type="string" customfield="true" />
      <field displayname="Status" name="statecode" type="state" />
      <field displayname="Status Reason" name="statuscode" type="status" />
      <field displayname="Time Zone Rule Version Number" name="timezoneruleversionnumber" type="number" />
      <field displayname="UTC Conversion Time Zone Code" name="utcconversiontimezonecode" type="number" />
      <field displayname="Version Number" name="versionnumber" type="bigint" />
      <field displayname="Votes" name="adx_votes" type="number" customfield="true" />
    </fields>
    <relationships />
    <filter>
      &lt;fetch version="1.0" mapping="logical" distinct="false"&gt;
      &lt;entity name="adx_polloption"&gt;
      &lt;link-entity name="adx_poll" from="adx_pollid" to="adx_pollid" link-type="inner" alias="as"&gt;
      &lt;filter type="and"&gt;
      &lt;condition attribute="adx_websiteid" operator="eq" value="{f46b70cc-580b-4f1a-87c3-41deb48eb90d}" /&gt;
      &lt;/filter&gt;
      &lt;/link-entity&gt;
      &lt;/entity&gt;
      &lt;/fetch&gt;
    </filter>
  </entity>
  <entity name="adx_pollplacement" displayname="Poll Placement" etc="10036" primaryidfield="adx_pollplacementid" primarynamefield="adx_name" disableplugins="true">
    <fields>
      <field displayname="Import Sequence Number" name="importsequencenumber" type="number" />
      <field displayname="Name" name="adx_name" type="string" customfield="true" />
      <field updateCompare="true" displayname="Poll Placement" name="adx_pollplacementid" type="guid" primaryKey="true" />
      <field displayname="Record Created On" name="overriddencreatedon" type="datetime" />
      <field displayname="Status" name="statecode" type="state" />
      <field displayname="Status Reason" name="statuscode" type="status" />
      <field displayname="Time Zone Rule Version Number" name="timezoneruleversionnumber" type="number" />
      <field displayname="UTC Conversion Time Zone Code" name="utcconversiontimezonecode" type="number" />
      <field displayname="Version Number" name="versionnumber" type="bigint" />
      <field displayname="Web Template" name="adx_webtemplateid" type="entityreference" lookupType="adx_webtemplate" customfield="true" />
      <field displayname="Website" name="adx_websiteid" type="entityreference" lookupType="adx_website" customfield="true" />
    </fields>
    <relationships>
      <relationship name="adx_pollplacement_poll" manyToMany="true" isreflexive="false" relatedEntityName="adx_pollplacement_poll" m2mTargetEntity="adx_poll" m2mTargetEntityPrimaryKey="adx_pollid" />
    </relationships>
    <filter>
      &lt;filter type="and"&gt;
      &lt;condition attribute="adx_websiteid" operator="eq" value="{f46b70cc-580b-4f1a-87c3-41deb48eb90d}" /&gt;
      &lt;/filter&gt;
    </filter>
  </entity>
  <entity name="adx_website" displayname="Website" etc="10058" primaryidfield="adx_websiteid" primarynamefield="adx_name" disableplugins="false">
    <fields>
      <field displayname="Footer Template" name="adx_footerwebtemplateid" type="entityreference" lookupType="adx_webtemplate" customfield="true" />
      <field displayname="Header Template" name="adx_headerwebtemplateid" type="entityreference" lookupType="adx_webtemplate" customfield="true" />
      <field displayname="Default Language" name="adx_defaultlanguage" type="entityreference" lookupType="adx_websitelanguage" customfield="true" />
      <field displayname="Language" name="adx_website_language" type="number" customfield="true" />
      <field displayname="Modified By" name="modifiedby" type="entityreference" lookupType="systemuser" />
      <field displayname="Modified On" name="modifiedon" type="datetime" />
      <field displayname="Name" name="adx_name" type="string" customfield="true" />
      <field displayname="Parent Website" name="adx_parentwebsiteid" type="entityreference" lookupType="adx_website" customfield="true" />
      <field displayname="Partial URL" name="adx_partialurl" type="string" customfield="true" />
      <field displayname="Primary Domain Name" name="adx_primarydomainname" type="string" customfield="true" />
      <field displayname="Website" name="adx_websiteid" type="guid" primaryKey="true" />
    </fields>
  </entity>
</entities>